Shape_Length,Shape_Area,Imp_Area_m2
655.481618582916,0.035576263461763,
